id,source,title,text
1,Preqin,"Fundraising sentiment in energy transition","Allocators are focusing on manager differentiation and track record in energy transition investing. LPs surveyed indicate 67% plan to maintain or increase allocations to infrastructure and energy funds in 2024. Key themes include grid modernization, energy storage, and renewable power generation. Manager selection criteria emphasize operational value-add capabilities and ESG integration. Vintage year 2024 funds are seeing strong interest with median first close at 60% of target."
2,Bloomberg,"Grid capex accelerates","Transmission investment plans increased significantly with utilities announcing $125B in grid modernization projects over the next five years. Rate cases remain a watch item as regulators balance customer affordability with infrastructure needs. ISO-NE and MISO both approved major transmission upgrades. Regional differences widened with Texas and California leading investment growth. Renewable integration driving 40% of incremental capex requirements."
3,IHS Markit,"EV charging utilization update","Utilization metrics for DC fast charging improved to 24% average daily utilization, up from 19% last quarter. Regional differences widened significantly with California and Northeast corridors seeing 35%+ utilization while Southeast and Midwest lagged at 15%. Network operators are refining pricing strategies with dynamic pricing showing 20% revenue uplift. Key watch: Tesla Supercharger network opening to non-Tesla vehicles is accelerating competitive dynamics."
4,Goldman Sachs,"Power prices and forward curves","Power prices showed volatility with ERCOT averaging $45/MWh in Q4, up 12% from Q3. Natural gas prices remained subdued at $2.80/MMBtu. Forward curves indicate modest price appreciation with 2025 averaging $48/MWh. Renewable penetration increased to 32% of generation mix in ERCOT. Battery storage dispatch economics improved with 4-hour duration systems showing positive returns in key markets."
5,McKinsey,"Energy transition investment themes","Corporate PPAs for renewable power reached record volumes with tech companies driving demand. Energy storage deployments accelerated with 8GW installed in 2024, double 2023 levels. Grid interconnection queues remain backlogged with average wait times of 4+ years. Policy support through IRA tax credits is catalyzing investment across solar, wind, and storage. Key risk: Supply chain constraints and interest rate sensitivity."
6,J.P. Morgan,"Middle market credit update","Middle market credit spreads tightened 50bps in Q4 with sponsored deals pricing at S+550 for first lien. Default rates remained benign at 1.2% for the vintage 2020-2022 cohorts. Covenant quality mixed with 65% of new issuance being covenant-lite. Refinancing activity picked up as borrowers locked in rates ahead of potential Fed policy shifts. Energy and infrastructure sectors saw strong lender appetite."
7,Fitch Ratings,"Infrastructure credit outlook","Infrastructure credit fundamentals remain solid with stable cash flows and strong asset coverage ratios. Renewable energy project finance saw record issuance with wind and solar portfolios attracting institutional capital. Power generation assets benefited from volatile commodity prices and capacity payments. Transportation infrastructure faced mixed trends with toll roads recovering but airports still below 2019 levels. Rating outlook is stable for 85% of infrastructure issuers."
8,Private Equity International,"LP allocation trends","LPs are increasingly selective in manager commitments with top-quartile managers seeing oversubscribed fundraises while emerging managers struggle. Co-investment allocations increased to 15% of total private markets commitments. Infrastructure and energy transition are priority themes for 2024-2025. Median LP portfolio has 12% in infrastructure, targeting 15%. ESG considerations are now table stakes rather than differentiators."
9,Wood Mackenzie,"Renewable energy economics","Solar and wind project economics improved in H2 2024 with ITC/PTC credits enhancing returns by 200-300bps. Merchant power price risk remains a concern with hedging strategies critical. Land and interconnection costs are rising, consuming 15-20% of project budgets. Battery storage co-location is becoming standard with 60% of new solar projects including 2-4 hour storage. Utility-scale solar LCOE now at $35/MWh in best-in-class regions."
10,Dakota,"LP sentiment survey","Annual LP survey shows 72% of respondents plan to maintain or increase infrastructure allocations. Energy transition and digital infrastructure are top themes. Manager selection emphasizes operational expertise and value creation track record. Preferred fund sizes are $750M-$1.5B for middle market strategies. 58% of LPs are considering separately managed accounts for larger commitments."

